ssn,firstName,lastName,address,DOB,pd_ssn
83798973,Charles,Francis,"79062 Jason Inlet Suite 724-Amyshire-MN 97540",1988-06-01,96556337
33756720,Christopher,Lopez,"30989 Matthew Port-Margaretchester-TX 75784",1995-01-29,34902247
86384780,Diane,Potter,"1238 Randolph Stravenue Apt. 117-West Jeffrey- FL 45265",1992-06-18,84143990
55135987,Dominic,Kane,"906 Lowe Garden-South Francisco-OH 81504",1992-10-29,21029094
25799481,Anthony,Young,"097 Smith Burgs Suite 818-Thomasburgh-ME 15348",2019-10-24,52340174
93452890,Samantha,Reyes,"33540 Gould Parks Apt. 427-Susanchester-HI 01660",1980-02-17,60788892
92939312,Michael,Valenzuela,"799 Julian Ville Apt. 177-Cooperville-OH 30692",2017-04-30,58209043
95820852,Sandra,Ellis,"583 Bailey Coves-Barbarabury-MN 44611",2005-04-19,65254136
53853416,Linda,Herrera,"3239 Schmidt Divide-West Traci-RI 27073",2009-11-18,34480861
92870438,Christine,Barajas,USNV Lang-FPO AP 39241,1989-09-14,13626528
52214842,Timothy,Garcia,"7058 Wolfe Ville Apt. 863-Taraland-PA 89409",1992-08-21,39276719
20320351,Melissa,Moreno,"6511 Valerie Mall Apt. 300-Cindymouth-TX 98749",2018-10-27,47451778
52371055,Billy,Bond,"929 Cole Plaza-West Zacharyland-NJ 10507",2013-06-04,30649145
45264997,Chelsea,Hill,"823 Tanya Squares Apt. 017-Port Christina-OH 52142",2008-10-27,31092415
43661888,Mia,Robinson,"3428 Jennifer Meadow-South Robert-VT 94833",2020-10-30,67885705
36818100,Lauren,Carroll,"8293 Courtney Terrace-Pattyside-DC 87750",2019-06-27,92054301
76838671,David,Gillespie,"041 Brian Glen Suite 766-Leonardstad-DC 09577",2012-05-13,49716952
29926404,David,Contreras,"288 Rodriguez Glen Suite 822-East Melissa-LA 93989",2004-04-05,24867775
93983370,Natalie,Campbell,"51734 Pamela Village Suite 907-Lake Krystalmouth-ME 29648",1981-09-03,75236648
98084096,Ariana,Lane,"2273 Caleb Mission Suite 930-Loweside-DE 65298",1995-05-26,24249700
50470477,Douglas,Pruitt,Unit 7176 Box 8451-DPO AE 27532,1986-03-30,75085950
20850844,Betty,Arroyo,"7049 Jessica Pines-Howellborough-SC 35019",2019-11-05,88925156
60878350,Michael,Obrien,"234 Daniel Pass Apt. 567-Thompsonview-WI 10881",2011-08-10,91948195
73589744,Andrew,Sutton,"1865 Theresa Knoll-Jasonmouth-ND 92448",2001-01-20,75837285
50255212,Andrew,Sheppard,"73178 Justin Expressway-Williamston-MD 11905",2001-05-15,15173375
60267915,Mario,Gonzalez,"924 Reyes Valleys-West Colleenfurt-KS 79939",1987-01-04,49215639
39064723,Katherine,Bryan,"0076 Joseph Rapids-East Colleen-WI 10397",1996-04-16,93145002
21387575,Wanda,Guerra,"925 Romero Lodge-Lake Joelchester-IN 43676",1986-02-14,99769858
39068241,Michael,Cross,"9696 Lisa Meadows-South Hunter-FL 35401",1990-12-24,39220034
82323290,Stephen,Hawkins,"611 Tracy Stravenue Suite 601-Williamsview-NE 49294",2020-02-20,40960388
47736396,Ann,Bright,"784 Hines Trafficway Apt. 058-North Chrisport-ID 42799",2008-07-08,98485783
87597979,Richard,Decker,"12434 Garza Harbors-Taylorville-TN 44926",2021-01-10,97609788
57964801,Megan,Gonzalez,"09096 Harmon Landing-Port Crystal-FL 93319",1971-09-15,62066313
21194387,Susan,Rodriguez,"146 Jennifer Turnpike-Brownstad-MT 90743",1999-08-28,11817916
28742342,Veronica,Macias,"169 Taylor Road Apt. 491-Rojasmouth-IN 09370",2017-08-08,87036482
36401204,Dominique,Berry,"420 Smith Canyon-New Susanville-KY 16603",1989-05-05,53806717
77276342,Rachael,Adams,"705 Green Point-New William-VA 95425",2012-07-08,18820852
39885205,Felicia,Allen,"0785 Brooks Loaf-North Markfort-IL 98430",1991-07-24,33347985
37413473,Belinda,Ferguson,"PSC 5352-Box 9755-APO AE 44906",1977-03-18,54007023
97943500,Kaitlyn,Barrett,"5257 Benjamin Mission Apt. 233-South Richard-NM 65009",2005-03-09,83358978
78095568,Maria,Wilson,"7668 Alice Loop Suite 158-Greenton-TX 34973",1991-02-24,34024870
73436666,Jonathan,Cooper,"052 Taylor Mountain Apt. 778-South Carlberg-SD 07723",2019-03-10,12983664
29913207,Mackenzie,Wagner,"66175 Walton Port-West Steven-SD 63054",1983-03-15,47668695
57805952,Eric,Chambers,"98194 Kevin Hill Suite 411-East Jacqueline-KS 38396",1998-02-15,76516358
84166431,David,Smith,"21044 Johnson Trail Apt. 715-Port Devin-TX 75636",1988-07-28,43536276
33158404,Jonathan,Jefferson,"1698 Kyle Terrace-Russellborough-OK 33481",1981-08-30,58981884
81143080,Eric,Hill,"0172 Ashley Drive Suite 072-Carrillobury-DC 03169",1979-06-28,29170836
73193811,Stephanie,Palmer,"1374 Jamie Divide Suite 818-New Travischester-PA 96972",1998-03-25,78718006
71223961,Carrie,Weber,"30620 Finley Falls-New Aprilchester-CO 41718",1989-07-30,86334423
19361152,Jesse,Barnett,"579 Glover Ridges Apt. 293-Port Tammybury-OK 56730",2016-04-15,77863908
33254692,Erik,Anderson,"59549 Warren Highway Suite 319-Mitchelltown-OK 60044",1973-10-09,31807224
47621889,Michael,Reeves,"52753 Emma Lights Apt. 773-South Sergio-AZ 48830",2002-06-27,52855270
60222751,Anna,Chapman,"924 Todd Walks-Meganburgh-KS 85438",2020-12-05,35514193
15264686,Kristi,Pennington,"78785 Christina Turnpike-Christianport-PA 18736",2016-07-13,27534856
90589048,Walter,Rodriguez,USNS Hayden-FPO AA 88213,1976-02-11,65534460
64816933,Alison,Hall,"17532 Katie Well-Oscarshire-CA 64831",1989-10-27,46430596
46966455,Danielle,Serrano,Unit 9848 Box 6100-DPO AE 32600,1999-03-27,60618184
73873770,Joshua,Lee,"PSC 8193-Box 2189-APO AP 72411",1978-10-29,86629684
34933815,Christopher,Williams,"1950 Smith Keys-New Kyleberg-ND 30925",1998-11-15,66908234
87349174,Danielle,Perez,"60612 Erica Crossing Apt. 122-North Karina-HI 63680",2005-09-08,43770521
67070356,Phillip,Ryan,"511 Smith Brook-Leefurt-GA 01472",2002-08-08,21461169
54582069,James,Short,"7884 Christopher Circles Suite 850-South Michelle-WI 12904",2004-12-24,27458128
46047741,Jennifer,Bell,"3982 Mark Plaza-Thomasside-WI 31407",2014-11-16,82133586
75878251,Ian,Griffin,"20394 Lauren Run Suite 556-North Donna-WA 65035",1984-03-02,30875909
87356211,Christopher,Ruiz,"56450 Jennifer Lane-Molinafort-NE 40458",1972-04-20,64450712
80655368,Jeffery,Rowe,"7716 Baker Drives-New Chad-MT 37254",1986-08-04,71978755
56172249,James,Wells,"564 Pacheco Station-North Ian-MT 52652",2007-01-26,62081048
17187921,Sandra,Smith,"15821 Garcia Trail Apt. 816-South Tammy-DE 70158",1975-08-21,31942676
97109629,Kyle,Ray,"76464 Hicks Parks Apt. 651-Davidsonport-LA 72583",1971-12-15,11761661
32429634,Patricia,Thornton,"6984 Allen Run-West Tiffany-AL 30251",1971-07-15,92855777
10957081,Steven,Reynolds,"7392 Lowery Junctions-Port Kristenborough-KY 55412",2006-05-14,54965176
87386953,Brandy,Mcdowell,"7054 Jodi Prairie Apt. 205-South Jasmine-IN 42827",1973-08-21,37830188
81961697,Kristin,Jackson,"7067 Arnold Valleys Suite 737-Jamesside-AR 70104",2010-07-26,63215818
48104951,Alfred,Turner,"956 Walsh Mill-Lake Andreamouth-MT 37694",1994-09-01,68364973
47163238,Alvin,Scott,"69301 Browning Centers-Johnchester-UT 01155",1989-11-14,67683702
72409365,David,Giles,"8640 Carol Creek Suite 883-North Beth-NC 14737",2009-12-01,63574520
24095279,Andrew,Rodriguez,"196 Kimberly Loop-New Robertstad-FL 78313",1975-03-08,67709125
25580656,Matthew,Weber,"37089 Maurice Lakes Suite 780-West Rachel-WY 06511",1975-10-30,26910170
37050644,Katelyn,Ruiz,"5838 Hanson Ways Suite 919-South Shane-AZ 61119",2016-09-09,89531655
35308206,Antonio,Hernandez,"68424 Lutz Alley Apt. 095-South Justinport-NC 93498",2013-01-01,95080084
44057695,Kristin,Zamora,"204 Erika Harbor-West Nicolefurt-IA 33342",2014-03-12,54709578
64229470,Christopher,Rubio,"9198 Courtney Oval-Jessicaland-CT 22353",1999-08-09,31156896
84831223,James,Dunn,"261 Shawn Groves Suite 786-North Tonya-WI 66469",1991-04-21,67668113
58776046,Rachel,Lee,"216 Ruiz Viaduct-Chandlerport-ME 16989",1974-11-16,49351883
97986862,Aaron,Simmons,"0095 Anthony Fields Apt. 529-Lake Brian-UT 00528",1979-07-29,29902628
61770106,Andrew,Armstrong,"435 Jennifer Causeway Apt. 300-Josebury-NJ 90593",1972-02-02,74265993
40611086,Chad,Caldwell,"02724 Newman Cape-East Micheleport-AK 24571",2009-09-15,17813511
37613616,Russell,Caldwell,"587 Walsh Village Suite 080-Millerside-WV 93086",1988-07-02,76695278
32664155,Sandra,Robinson,"601 Griffin Bridge Suite 393-Cartermouth-HI 72073",2002-05-28,25314221
59995962,Tina,Adams,"99387 Jackson Shore-Port Williamburgh-ID 44905",1982-03-28,62897633
66707244,Toni,Washington,"592 Shelly Prairie Suite 559-Macdonaldport-SD 25881",2000-02-23,34808165
69278080,Kayla,Adams,"729 Middleton Groves Suite 742-Port Ricky-TN 99047",2006-11-10,30105413
16994552,Kathryn,Moreno,"9391 Conner Cliffs Suite 441-Michelleview-VA 28784",1973-04-19,67778393
81225637,Philip,Chen,"98980 Janet Ways-Johnshire-VT 72810",2000-06-04,54617051
38548868,Jeffrey,Harris,"4161 Zimmerman Track Apt. 152-North David-GA 75261",1979-01-26,64100046
37381536,Stephanie,Stevens,"94331 Jones Dam-North Annaborough-NY 58750",2009-12-06,92451649
42619237,Tanya,Holloway,USNV Richardson-FPO AP 50941,2019-12-21,15463250
78651862,Maurice,Russell,"5720 Townsend Hollow Apt. 569-Owensmouth-HI 20779",2008-02-22,15922142
88150162,Jack,Walter,"PSC 5836-Box 8336-APO AA 05464",1999-11-05,92325707
28850907,Scott,Ortiz,"8360 Brandt Coves Suite 911-South Andrewmouth-LA 87350",2021-01-17,11425056
80489663,Victoria,Campbell,"370 Hamilton Street Apt. 087-Lake Kristenberg-TN 61514",2013-02-18,76129491
91557453,Heather,Warren,"772 Phillips Gardens-East Tyroneborough-NY 00769",1973-09-13,69764587
55719645,Diane,Chandler,"553 Sullivan Fall-North Brandon-UT 44609",1971-06-18,35854369
26718890,William,Davis,"027 Roy Mills Suite 963-Sloanchester-TN 11840",1972-03-17,36543940
98163147,Cory,Barton,"6420 Bird Knoll-Ericaborough-MA 34904",2020-08-18,53921112
76531589,Brian,Hoover,"3242 Michael Trail-Joshuaberg-IA 78132",1991-06-13,41939083
95040447,Michael,Flores,Unit 2913 Box 2792-DPO AE 28254,1985-08-03,27757297
11306949,Albert,Jordan,"6034 Rivera Extension-West Johnnyborough-GA 04745",1994-04-30,65866074
58628602,Greg,Brown,"6894 Humphrey Mount-Port Leonard-OH 66819",1972-01-07,73118319
58354550,Denise,Graham,"2308 Villarreal Parkways Suite 524-Zacharytown-OR 75402",1974-10-08,82093766
29371215,Dylan,Smith,"8565 Gibson Square-New Kathystad-ND 76632",1990-02-21,86829362
10615101,Wendy,Mcmillan,"32749 Thomas Pass Apt. 703-Ericaton-MD 21512",2009-10-07,21217783
20546112,Shelly,Ross,"85267 Mark Fords Suite 272-East Melissaville-NM 33396",2007-03-19,68470062
88790350,Patricia,English,"63822 Stevens Station Apt. 230-South Angela-AK 64079",2005-08-06,44410182
30018294,Susan,Gonzalez,"PSC 4483-Box 3775-APO AA 67112",1971-03-17,37739616
92531226,Shawn,Duncan,"2775 Rachael Island-Jacksonberg-NC 48586",2001-05-04,53687134
80631170,Cynthia,Patel,"7478 Mathis Parks Suite 217-Gonzalezberg-NM 71566",1980-07-29,52782415
39894752,Alfred,Miller,"19531 Julie Curve-Beltranport-FL 43240",1973-01-19,28973534
30746557,Shawn,Green,"397 Dyer Union-Jefferyfort-MD 29017",1982-12-27,29986514
18825596,Richard,Wells,"6345 Smith Plains-Blakefort-ME 38303",2003-12-19,92160743
26546885,Amanda,Simmons,"1199 Terry Stravenue Apt. 361-Blankenshipmouth-KS 85182",1985-10-14,23432381
83057939,Michael,Lopez,"837 Rachel Club-Heatherborough-NC 58345",2004-02-13,99859327
98333676,Patrick,Duran,"88501 Ali Route-Debraville-KY 18826",1986-04-06,29583206
34355507,Eileen,Weber,"222 Stephen Lane Suite 302-New Joy-NV 25348",2004-03-24,95605094
35883602,Laura,Armstrong,"4194 James River-South Ashley-VT 86034",1986-04-09,16120505
97203681,Jenna,Navarro,"0425 Ryan Rapid-Jasonhaven-HI 16625",2000-01-21,39396483
72985486,Edward,Brown,"5909 Palmer Burgs-Jonathanton-MI 62002",1976-08-16,58234525
26837987,Mary,Myers,"0910 Bradley Meadow-Hughesfurt-LA 02507",2003-08-04,72698465
95132764,Sonia,Mitchell,"0385 Theresa Ranch-East Debbie-SD 47838",1992-05-12,26707168
22493523,Tiffany,James,"1696 Francis Stream-Howellview-NJ 01856",2017-04-06,22531739
24322340,John,Brown,"777 Walker Trafficway Apt. 022-Port Jessicachester-CO 53847",1970-10-13,18322426
85898834,Jonathan,Wright,"070 Johnson Locks Apt. 236-Aliciahaven-OH 83062",2016-10-15,26182443
41048956,Kristine,Franco,"18212 Hamilton Turnpike Apt. 303-North Stephenfurt-TN 20578",2009-03-31,19400206
35252103,Thomas,Morris,"652 Alejandro Way-Marshallmouth-WI 39610",2009-06-06,52142647
21427226,Barbara,Thompson,Unit 4092 Box 8075-DPO AP 93670,1985-07-20,30078286
81192864,Laurie,Jennings,"68333 Ortega Harbor Apt. 193-South Patriciamouth-SD 09672",1994-05-23,18207589
24844268,Gilbert,Turner,"2886 Glenn Street-Jasonhaven-NC 77284",1990-03-01,52142617
89314548,Brian,Smith,"4437 Patricia Prairie-West Kristina-CO 04053",2001-04-20,59582449
94232898,Jennifer,Booth,"9513 Samantha Trace Apt. 115-Cordovaton-WY 11539",1988-11-10,52019681
64808130,Courtney,Schultz,"92999 Lawrence Parkway-North Ashleybury-WA 33010",2000-10-21,24688229
59880363,Jacqueline,Potter,"80339 Juan Manors Suite 307-Port Alexisville-IA 75662",2007-10-03,30454507
64182770,David,Luna,"6745 Kyle Circle-Jennamouth-NJ 75395",1996-09-17,59147253
16876917,Jennifer,Copeland,"00735 Thomas Ridge-West Jennifermouth-WA 56452",1993-05-27,63186509
51475823,Joseph,Williams,"17418 Jasmine Streets-Lauraland-MN 93373",2009-11-14,82344354
42254130,Richard,Patton,Unit 1643 Box 0627-DPO AA 37858,1978-12-08,78389226
50354363,Jason,Serrano,"67259 Michael Loaf Suite 544-Lake Christopher-SC 97482",1988-12-31,20184724
39274159,Stephanie,Taylor,"91406 Jacob Passage Suite 643-West Sarah-RI 72643",1999-12-11,25814046
71018512,Erika,Lang,USNS Young-FPO AP 48248,2019-07-05,96212667
37097458,Erica,Keller,"04512 Perry Vista-West Lesliebury-GA 71973",1997-08-26,13619137
38153489,Jessica,Lucas,"49078 Michael Key-North Kristenchester-WV 69565",1973-12-24,12946086
81302705,Tamara,Kennedy,"57659 Spencer Neck Apt. 647-Gregoryberg-MS 95565",2019-06-24,47851681
39294832,Michael,Moyer,"63891 Samuel Wall-Harrisstad-AR 57676",2013-01-01,54757947
95209727,James,Santos,Unit 9288 Box 9806-DPO AA 09987,1990-06-27,92931463
36218770,Kenneth,Moore,"4617 Joshua Track-Shanefurt-GA 69587",1979-11-26,62323982
24738434,Amanda,King,"12286 Ward Port Suite 140-Lake Richard-ID 59192",1985-07-20,93498739
85388533,Kenneth,Stevens,"8733 Peters Trafficway Suite 634-Benjaminchester-WA 97566",2003-06-30,33714804
35784843,Stephanie,Hawkins,"643 Chris Harbors Suite 916-New Lauraside-KY 20825",2011-04-04,19572547
40652666,Melissa,Burke,"62799 Hahn Throughway Suite 987-Allenshire-OR 43256",1989-11-09,55831693
47471467,Kyle,Acevedo,"95682 Melissa Pike-Shanestad-WV 93415",2001-02-13,99834987
79180029,Jeremy,Mason,"50440 Tim Overpass Suite 837-Gayville-ME 29602",1993-05-03,59603419
67202248,Jordan,Munoz,"546 Jake Parkways Apt. 484-Lawrencechester-TN 14877",2011-01-11,30064194
97048928,Gary,Harrison,"52977 Melissa Landing-South Theresachester-DE 51856",2013-07-02,52641571
94700232,Curtis,Hamilton,"842 Kelli Prairie Suite 677-Shawfurt-ME 63252",1999-06-11,57805782
63999534,Kevin,Bradford,"8302 Jean Keys-East Peterland-NE 83977",2007-08-29,15052107
85871536,Ashley,Sanders,"92211 Price Flat Suite 494-Jennaton-CA 10581",2020-05-19,21865776
45341336,Michael,Parker,"620 Jonathan Forge-East Raymond-CO 82255",1996-04-24,85894485
33306229,James,Ruiz,"7233 Rice Street Suite 886-Beanton-NY 36543",1992-04-02,16582883
79677768,Beverly,Bullock,"53539 Donna Port Suite 301-North Alex-CT 09212",2009-10-19,26938716
92524001,John,Robinson,"808 Amber Bypass-Leonmouth-MI 67741",2019-09-23,68878341
88876940,Angela,Anderson,"07200 Spence Circle-Ashleychester-NE 57908",1981-12-19,80208559
19465656,Karen,Hunt,"82213 Khan Flats-Crosbyville-MD 73038",2010-10-21,90340440
65616761,Ashley,Harvey,"740 Wilson Manor Suite 256-South Eric-NC 06948",1996-05-06,36301244
10184792,Brandon,Martin,"530 Frank Hollow Apt. 703-Colonview-SC 02312",2003-02-13,67756087
99589738,Charles,Lopez,"10604 Nicholas Spring Suite 809-West Michael-OR 23952",1982-04-30,86756434
70749350,Christopher,Bailey,"3333 Gabrielle Ports Apt. 783-New Robinview-NJ 74232",2012-02-13,70688213
98055378,Vincent,Ward,"6709 Gregory Path-Lake Daniel-PA 31365",1985-07-02,28102949
89832484,Alicia,Austin,"205 Santos Summit-Port Lisa-NM 67511",1993-08-04,29061274
11213646,Logan,Massey,"9488 Shaw Row Apt. 493-Hendersonshire-VA 06751",1974-05-08,54672603
12862692,Danielle,Garcia,"PSC 1736-Box 0681-APO AP 38593",2008-09-14,26991274
20000566,Victoria,Fowler,"84361 Vang Crest Apt. 779-Port Jenniferburgh-LA 90769",1994-12-22,55511123
78209501,Nicholas,Bailey,"807 Michael Mountains-New Patricia-ND 82066",2006-12-03,18424203
22786260,Sarah,Reyes,"58297 Martin Valley Suite 434-Amandaland-WY 70836",2018-12-08,55651957
17015693,Tamara,Hamilton,"040 Yang Plain-Lake Robertton-FL 14962",2014-05-21,54280798
24156007,Christopher,Sampson,"PSC 8449-Box 9338-APO AA 70165",2001-07-28,45309632
40148043,Jason,Mcfarland,"4626 Salazar Mountains Suite 329-Pinedaview-WY 39545",1983-01-27,90524366
58174956,Adam,Smith,"6642 Williams Oval Apt. 570-Archershire-SD 92071",1984-05-29,82574889
82202266,Elizabeth,Mccoy,"749 Jackson Manors-Johnstonland-LA 00991",2008-03-30,96941965
80140954,Mary,Reyes,"1102 Jacob Turnpike-Millermouth-AK 80706",1978-06-04,88104164
27676095,Dana,Chapman,USNV Burns-FPO AE 69304,1982-10-22,85897172
78816479,Christopher,Hayes,"49502 Walters Mountain Suite 788-Lake Johnfort-AK 06390",2004-09-15,12479069
34285133,William,Estrada,"678 Laura Parkway-West Adam-FL 74952",1986-04-13,89963279
11912385,Carla,Mcdonald,"PSC 8842-Box 9636-APO AP 54655",1997-03-03,19296094
92909189,Joshua,Reed,"494 Wheeler Valleys-Hollandborough-MI 82676",1988-03-28,73613202
24014401,Eric,Randall,"1363 Miller Fork-Rachelhaven-IA 12899",2002-10-12,67041301
14954489,Charles,Page,"584 Park Fords-Wallport-IA 24482",1990-01-05,54055138
97739045,Frances,Mills,"415 Cardenas Field Apt. 110-Erikaton-ND 30973",1972-12-29,33100847
48923458,Isaiah,Schroeder,"11140 Foster Groves-Thomasstad-GA 01746",2018-07-30,42783938
87218032,Jennifer,Brock,"87634 Hatfield Garden-West Aprilshire-NC 45114",1993-10-02,41629310
15954523,Adam,Hurst,Unit 7554 Box 3189-DPO AP 43630,2015-04-18,96596276
96471735,Judith,Walls,"56795 Adams Ranch-New Timothyhaven-IA 55525",2009-07-02,17594394
13377176,Leslie,Ford,"219 Jennifer Meadow-Sandraport-LA 83454",1972-04-21,59615084
85765249,Michelle,Chapman,"943 Christine Canyon-Jonathanmouth-OH 64692",2017-08-21,65834151
74909161,Kevin,Myers,"35524 Colleen Throughway-Port Stevenmouth-OH 74334",1986-06-24,31578147
28069950,Jennifer,Carey,"4872 Christina Mount-Chadfurt-NH 79222",1977-03-27,68651001
53014401,Wesley,Clark,"PSC 9768-Box 4823-APO AE 43732",2008-06-14,37372836
62462829,Ronald,Grant,"238 Prince River Suite 052-New Jeremiahmouth-NE 06833",2009-01-10,61313981
35107086,Jenny,Sampson,"8170 Pineda Pass Suite 862-Collinsberg-MT 99897",2013-11-20,50485510
63044461,Logan,Black,"7155 Deborah Corner Suite 805-Greenton-WV 98764",2002-11-28,79901704
25088283,Tara,Gray,"7580 Nicole Causeway Suite 321-Williamsmouth-IL 85994",2013-06-25,35513602
25058383,Christopher,Bennett,"PSC 8212-Box 4511-APO AE 90335",1970-04-28,30834969
25919255,Joshua,Duran,"74812 Cantu Squares-Jillianport-KS 72441",1971-03-25,71788115
47488549,Brian,Arias,"44504 Alexander Inlet-Amandaton-HI 65042",1976-11-13,74992963
78058482,Brenda,Stephenson,Unit 3246 Box 7410-DPO AA 14482,2004-10-27,34683555
21266923,Mary,Martin,"1360 Butler Mills Apt. 316-Stewartview-CO 38517",2008-06-09,11316852
13675005,Nancy,Allen,"782 Emily Isle Apt. 768-Madelineland-IL 42043",2015-10-14,17255815
70018454,Mitchell,Sanchez,"7680 Keith Creek-South Victoriamouth-ND 65882",1971-05-31,81682384
31172682,Sherry,Fischer,"142 Alan Forest Apt. 384-Taylorport-TN 58205",1988-04-22,76820419
51497888,Jack,Robinson,"727 Michael Hill-New Margaret-CA 09581",2016-11-30,11218310
95180164,Rebecca,Hughes,"30403 Schaefer Street-South Christopher-LA 35603",1992-12-18,17276639
71305620,Tony,Chase,"436 Bell Drive Suite 773-Kleinmouth-MO 58479",1985-04-20,82171553
82889695,Jeremy,Solis,Unit 8126 Box 7295-DPO AP 53869,1990-01-24,50428925
49898968,William,Rivera,"283 Kathleen Vista Suite 761-Port Kristin-MN 44768",2019-07-14,17359090
15795036,Joshua,Moore,"602 Parker Creek Apt. 459-South Terry-CT 34201",1970-09-14,11444794
20311419,Kathy,Richardson,"4191 Allen Mountains-Cummingsmouth-UT 97045",2005-12-24,13717408
51967238,Jennifer,Berry,"7190 Christine Valleys-Brittanyfort-HI 03550",1983-10-01,33222470
58894455,Kristine,Kelly,"1191 Andrew Islands-Fieldsside-OR 88835",1983-10-28,75972046
27101839,Larry,Curtis,"8057 Oconnell Mountain-Michellemouth-WV 82910",2012-04-23,72535496
53983139,Patrick,Armstrong,"68869 Adam Via Apt. 252-East Heatherburgh-MT 25505",2017-06-27,34877091
73519815,Robert,Perez,"902 Stephen Dale Apt. 170-Port Markburgh-CT 21482",1974-07-11,83989481
71035442,Timothy,Boyd,"548 Robin Land Suite 196-North Sheriberg-VA 18992",1982-05-26,39648684
48536506,Elizabeth,Phillips,USNV Martinez-FPO AA 17143,1970-06-01,79604943
15203173,Mario,Russell,"1865 Scott Squares-Floydbury-VA 69042",2010-11-16,59269480
60199403,Kimberly,Evans,"9584 Adams Cove-Powellton-AZ 31646",1980-08-14,79670769
58396414,Scott,Colon,"866 Martinez Lights Apt. 640-South Robin-FL 98513",2015-02-10,59190686
27181109,Lisa,Smith,"4491 Dyer Loaf Suite 980-Lake Jessicaland-NE 74779",1988-03-28,89237918
28812650,Mandy,Romero,"592 Strong Rapids Suite 290-New Nicole-VA 91409",1989-08-05,48100885
87350382,Adrian,Nash,"97718 Lisa Springs Suite 967-North Michaelmouth-OR 18031",2002-11-16,18834593
33631540,Robert,Brown,"550 Cordova Estates-East Jeffreyborough-NY 12338",1970-01-11,94872596
81780194,Mike,Foster,Unit 0449 Box 9494-DPO AA 22315,2011-01-25,97907228
86470420,James,Powell,"757 Sawyer Lights Apt. 277-Phambury-WI 38499",1970-07-21,77506621
34246383,Michael,Moore,"PSC 5797-Box 1105-APO AE 08346",1974-09-12,91815654
33834250,Alicia,Ruiz,"6769 Miller Port Suite 937-Eugenemouth-MI 88319",2004-06-10,37847159
49070854,Michelle,Rowe,"042 Stewart Loaf-Ashleymouth-AL 57476",1995-02-16,50313638
10949141,Johnny,Smith,"59362 Crawford Key-North Prestonside-WV 23623",2008-09-05,20570832
70735402,Kimberly,Mason,"126 Gutierrez Flats Apt. 005-South Kent-NE 52259",2012-12-22,89191917
22505116,Tracey,Weaver,USCGC Taylor-FPO AP 17287,1982-03-01,13047810
87160912,Ralph,Zimmerman,"7628 Vazquez Knoll-Masonton-OR 93867",2001-01-08,60279221
60526070,Mark,Molina,"258 Christopher Common Apt. 525-Brownberg-NH 52266",2010-07-28,24695208
21646556,Sophia,Shepherd,"02481 Medina Field-West Teresa-CT 25028",1972-09-19,54383880
45762688,Jody,Jones,"275 Miller Shoal-South Mitchell-AR 17847",1986-01-09,35509814
99272032,Bradley,Chavez,"PSC 2269-Box 2415-APO AP 08465",1997-07-10,87020930
14438317,Chelsea,Ramirez,"71148 Megan Courts Suite 811-Port Dianaburgh-OR 60938",1972-10-24,76612438
45367133,Christopher,Johnson,"8225 Tracey Terrace-Michaeltown-IN 33242",2006-01-12,93785360
14101848,Samantha,Brown,"9333 Chandler Point-Port Kristinburgh-RI 74859",1984-05-15,17729801
81085048,Amanda,Allen,"501 Brittney Shoals-South Ericland-OK 45157",1985-01-21,34271941
91266429,Hector,Roberts,"9981 Mays Meadows Apt. 389-East Kristina-NE 35012",1996-12-11,10226227
64058451,Cynthia,Clark,"08761 Smith Lodge Suite 213-Benjaminstad-CO 63075",2011-12-21,33359199
85597823,Eric,Zimmerman,"825 Jennifer Mall-Lake Shirleyton-TX 77889",2000-02-08,71633501
17471468,Sandra,Lee,Unit 7361 Box 1044-DPO AP 79319,2008-12-06,44185039
16560422,Jose,Moran,"7939 Smith Skyway-Port Jacobport-WA 01006",1972-06-17,60078644
27069997,Larry,Wagner,"PSC 4651-Box 0851-APO AP 91296",1970-02-20,36547672
66336493,Andrew,Medina,"483 Gregory Way-Port Matthewshire-DE 29427",1975-05-18,48653893
51333072,Douglas,Martinez,"0010 Stephen Views Apt. 793-Port Charles-NV 92145",2001-01-27,33605044
50949209,John,Dixon,"882 John Stravenue Apt. 068-Knoxberg-OH 25050",1992-07-30,51267267
58686529,Tina,Lin,"486 Danielle Track-New Gina-MA 58685",1975-06-18,19104435
26211696,Lisa,Ware,"99012 Cheryl Drive Apt. 383-Mitchellberg-WA 55831",2019-03-13,66505374
71368918,Reginald,Simmons,"4759 Danielle Canyon Suite 670-New Carolview-OK 29074",1999-05-15,11656939
39881586,Grace,Miles,"417 Bradley Terrace Apt. 530-Darrenshire-NV 91588",1985-10-04,25547153
50436863,Ricardo,Vargas,"5282 Salinas Avenue Apt. 512-West Shelia-ND 00800",1973-10-12,35060753
57124182,Melissa,Porter,"PSC 3003-Box 8002-APO AP 63216",1990-05-16,78368989
95692478,Kelly,Williams,"75373 Harold Ports-Lake Rachel-NH 30674",1974-01-10,69646346
81245118,Andre,Buckley,"5236 Kayla Vista Suite 437-New Darrell-SC 86447",2003-07-11,42771490
30852738,Daniel,Lowery,"PSC 0296-Box 7063-APO AE 36972",1989-10-05,32044946
45280449,Joseph,Murphy,USNS Dyer-FPO AE 62050,2009-03-03,73353613
88741764,Richard,Williams,"6980 Jackson Center Suite 880-New Stephanieside-AZ 95419",2007-05-23,81880729
79407222,William,Scott,"397 Morrison Court-South Ericmouth-IA 59190",1997-12-22,81479327
54045301,Richard,Smith,"635 Craig Throughway-Spencerborough-AR 71942",2001-07-01,79357879
96003831,Christopher,Washington,"30435 Cynthia Parkway Suite 371-North Jamie-OH 64561",1977-12-31,90802402
53263760,Crystal,Yates,"906 Linda Drives-Port Derrickchester-NJ 13715",2005-08-23,87156157
67410023,Matthew,Phillips,"68168 Breanna Mission Suite 979-New John-MO 36425",1987-07-01,11770943
74224145,Ashlee,Bradley,"66868 Allen Lodge-East Joshua-TX 77130",1980-05-31,63039705
93891448,Jessica,Kaufman,Unit 2919 Box 1994-DPO AE 83752,1986-04-11,78022524
49139994,Rodney,Chan,"575 Thomas Bridge Apt. 910-Lindseystad-IL 26727",2002-09-11,34629679
33230194,Paul,Palmer,"095 Christensen Land Apt. 969-Christinamouth-MN 30138",1987-09-01,40419761
90424307,Phillip,Johnson,"115 Tiffany Lake Apt. 975-Staceyborough-FL 83215",2020-04-14,13102774
37314806,Christina,Wong,"3591 Shawn Coves-Lake Dawnchester-DC 68239",1989-08-04,66977222
54180255,Lisa,Phillips,"418 Beck Manor-South Annburgh-SD 01302",1972-12-01,65369515
46744453,Brandon,Salazar,"49519 Shannon Harbor-Randallport-MI 30620",2008-03-30,83259105
54785320,Jennifer,Martin,"150 Dawn Keys Suite 585-Lake Richard-SC 13195",1985-10-08,22469139
95238717,Brian,Brock,Unit 2457 Box 8447-DPO AE 23231,2020-11-22,84527102
30767618,David,Campbell,"07398 Bailey Rapid Apt. 488-West Terri-MN 49347",1975-02-07,42624892
69246018,Jessica,Stewart,"3462 Misty Bypass-South Philip-SC 66908",1975-04-16,94316410
92305220,Philip,Hernandez,"57068 James Hollow-New Carlos-KY 41231",1986-08-18,12725677
37409003,Jennifer,Gonzalez,"2113 Haley Tunnel Apt. 835-East Angelafurt-NJ 81494",2014-10-03,89010566
37244134,Lisa,Marsh,"321 Rogers Corner Apt. 741-Samanthaside-GA 15865",1985-03-29,46731613
55281530,Alyssa,Phillips,"1576 Mason Forks-North Shannonport-WY 17874",1979-11-15,95461961
96545308,Rebecca,Edwards,"9552 Jon Islands Suite 071-Gardnerland-TN 59456",1990-08-06,64533542
16200301,Carol,Mullins,"751 Justin Flat Apt. 654-Candaceville-CT 48163",2017-06-14,20499053
57995454,Joshua,Reynolds,"731 Kevin Well Suite 638-South Steven-WI 57509",1974-04-01,77466800
68183568,David,Medina,"732 Hansen Hill-Jessehaven-WV 59887",1984-03-12,67466275
66235254,Bryan,Navarro,"06204 Garner Street Suite 112-South Deborah-FL 68367",1986-04-08,26117729
92493712,Christopher,Gibson,"858 Judith Shores Apt. 386-Mitchellstad-MT 85314",1996-07-03,38622081
77777651,Kyle,Williams,Unit 8165 Box 7604-DPO AE 14268,2003-11-18,94912027
95129444,Richard,Johnson,"056 Rowe Estate Apt. 159-Griffinfurt-CT 74548",1989-11-14,72910133
78583899,Kevin,Williams,"000 Ryan Pine Suite 314-Donaldhaven-OK 80674",2015-01-09,80281730
38046348,Corey,Orozco,"02803 Douglas Vista Apt. 509-South Jill-SD 51948",1982-12-20,99039949
68201208,Caleb,Swanson,"239 Wall Parkway-Lesterton-RI 10362",1998-06-01,18917417
13893496,Benjamin,Townsend,"767 Parker Island Apt. 857-Johnsonmouth-IL 96116",2017-03-10,41397079
42370507,Ashley,Price,"05519 Stanton Freeway-Robertchester-RI 48418",1986-10-12,18076165
64138859,Nicholas,West,"655 Robert Crest-North Anthonyburgh-CT 79962",1979-05-25,65566222
66674154,Jason,Fox,"2077 Vasquez Summit Suite 780-Wardhaven-TX 54257",2007-07-19,75244854
26561399,Melissa,Greene,"27467 Zoe Stream Suite 968-Katiefort-OR 45448",1977-09-04,27167594
31370931,Johnathan,Sutton,"3238 Olson Estate-Lisaburgh-MA 74842",1998-02-20,72297075
25038828,Jill,Espinoza,"8245 Ricky Rapids-North Feliciashire-NE 46912",1972-10-19,66070125
56006360,Emily,Hall,"786 David Mountain Suite 396-Johnsonmouth-WI 02865",2020-08-16,64535705
96788667,Taylor,Miller,"388 Jessica Stream-Longmouth-IA 35131",2005-09-22,13452051
85727897,Wendy,Berry,"137 Caitlyn Harbors-Port Andrew-NE 81606",1997-10-09,66185957
98698513,Nicholas,Marsh,"9455 Lowery Isle Suite 794-Schwartzton-DC 92683",1995-01-14,65561449
23312225,Phillip,Gray,"6232 Marsh Camp Suite 465-New Rebecca-AL 44687",1975-09-07,21976288
47632466,Jose,Cabrera,"059 Kayla Point-Lake Manuelstad-CA 26269",1989-01-19,56143789
58800372,Christine,Harper,"70395 Campbell Islands Suite 946-New Oscar-MI 19622",2020-07-07,12975035
75514447,Melissa,Le,"602 Barton Extension Suite 285-Anthonystad-TX 52617",2001-11-11,33358621
76314405,Ashley,Young,"4144 Anthony Loop Apt. 697-New Donald-IN 58375",1991-04-01,32323826
61749550,Francisco,Weber,"6275 Heather Course Apt. 215-East Elizabethshire-KY 52422",1999-03-17,87429712
65131829,Frederick,Davidson,"6311 Robert Crossing Suite 440-West Isaiahstad-FL 67120",2010-04-06,72820792
22459896,Amanda,Fernandez,"2698 Davis Forges Suite 584-Walterbury-OR 77950",1971-02-23,25812588
33413111,Natalie,Evans,"50992 Simmons Bypass Suite 786-Brandyton-UT 91674",1973-07-15,60218927
74011685,David,Hensley,"81029 Hardy Crest Apt. 266-Jerryfurt-MN 51918",1998-06-15,39322107
62652464,Brandy,Willis,"4310 Laura Shores Suite 168-Clarktown-NE 28146",2000-11-20,65611753
96900433,Diana,Wilson,"1850 Ashley Mountain Apt. 275-West Alanmouth-CO 40970",1991-02-01,52425844
40006560,Angela,Cruz,"369 Reed Mission-Richardsborough-AZ 71374",1991-11-09,94649890
54033112,Jacqueline,White,"691 Wright Station Suite 435-Tylerberg-NC 69997",1973-02-03,43103892
69467670,Sarah,Rowe,Unit 6901 Box 1346-DPO AE 37534,2020-06-24,85307688
94051381,Gavin,Jackson,"4470 Melissa Street Suite 226-West Justinhaven-NM 30169",2011-05-29,57415251
13127666,Lori,Miller,"725 Cunningham Branch Apt. 431-Michaelview-FL 43141",1979-04-08,66641014
14316215,David,Garcia,"02223 Humphrey Unions Apt. 398-Vaughnshire-LA 84341",1990-01-20,64171170
99851111,Faith,Cherry,"0739 Shelley Walk-North Judy-NJ 69166",2012-11-26,72845307
86707984,Eric,Reynolds,"7216 Jessica Valleys-East Natalie-MN 03017",1980-05-13,24108838
68616496,Marc,Casey,"83578 Carroll Overpass Suite 260-Port Reneeside-VT 85336",1999-10-20,99917810
48174357,Sara,Jarvis,"93152 Armstrong Summit-Stevensonmouth-ME 37477",1971-10-26,63632353
16818495,Eduardo,Jones,"58368 Robert Corners-North Jennifer-RI 12704",2014-07-02,99163513
79140930,Tina,Gallagher,"5706 Andrew Stravenue Suite 031-Garciamouth-MD 10833",2008-08-17,70522849
18858491,Jacqueline,Rivera,"54852 Buckley Drive Suite 451-North Tiffanyburgh-DC 63435",1976-12-10,68272022
89656044,Todd,Ortiz,"88139 Davis Views Apt. 174-South Jodi-HI 07882",2001-11-30,62816528
51267196,Brandon,Taylor,"201 Pineda Garden Suite 868-Jaredview-NH 82019",1994-07-07,44614689
37589280,Lisa,Smith,"351 Thomas Point-Lake Steven-WI 96718",1971-02-21,65404051
62855113,Amy,Robinson,"87362 Fuller Crossing-Michelleton-SD 27086",1974-06-03,28233562
92868593,Kelly,Johnson,"538 Tyler Plains Apt. 547-East David-MT 92841",1980-04-16,71245845
80411702,Alexis,West,"7257 Brown Loaf-Steventon-LA 98442",2008-12-24,97077535
36956815,Patricia,Gill,"217 Dominguez Fall-Vargasview-CO 41660",2015-09-14,77047089
84479511,Lisa,Lopez,"4333 Robert Prairie Suite 352-New Erin-RI 23440",2018-04-25,69729059
88844476,Julie,Martinez,"31434 Dana Streets-Ryanbury-WV 94091",2017-04-13,56266747
19557167,Kaitlyn,Olson,"30896 Tamara Fall Suite 566-New Josephport-CT 46423",1998-02-06,27376420
64557362,Johnathan,Lee,"5368 Ethan Overpass Suite 777-Lewisshire-NY 65796",2018-08-09,90950238
83138472,Brittany,Williams,"77624 Jeffrey Squares-Lake Caitlynfurt-MS 80008",2001-11-27,59339978
60632967,Mark,Sullivan,"356 Susan Viaduct Suite 614-Mooreland-MA 15836",1991-07-29,34963962
60533978,Kevin,Berry,"29410 Benjamin Mission Apt. 482-West Michael-NJ 42638",2016-01-13,57541343
62236271,Nathan,Rivera,"6505 Cameron Cliffs-Port Williamfort-NC 30393",2004-06-29,23104323
90819038,Todd,Espinoza,"688 James Harbors-West Christyborough-NJ 26105",1982-05-09,38722427
53123004,Christina,Horton,"443 Valenzuela Union-Karenburgh-MO 97802",2014-06-16,68675594
19635900,Erica,Vasquez,"0250 Ashley Circles Apt. 398-Port Christianburgh-NM 44654",1973-10-10,80179939
86736411,Bradley,Campbell,Unit 4378 Box 9736-DPO AE 04644,1995-09-07,91637230
91038154,Natasha,Serrano,"5638 Smith Springs-Justinmouth-KY 36747",2009-03-25,36733945
31597900,Daniel,Sharp,"78336 Heather Rest Suite 097-West Nathanport-AR 23136",2010-09-28,30803542
21424544,Bryan,Kane,"05959 Price Rest-Careymouth-CT 22644",1999-09-25,65250789
56259027,Sarah,Randall,"1160 Garcia Pine-Lake Thomas-AR 14949",2018-11-01,87637885
84230365,Tara,Hansen,"471 Mark Crescent Suite 715-Lake Michaelstad-NY 44319",1991-07-22,40061558
18905448,Marco,Turner,"5544 Cole Trace-Lake Tiffanyside-AR 04015",1996-04-02,35849353
27342268,Kenneth,Young,"485 Patrick Gardens-Beardburgh-SD 64075",2009-09-17,30606081
13584222,James,Taylor,"3303 Ashley Land Suite 600-Murrayland-ID 90820",2018-12-24,49149648
24208465,Dustin,Perry,"91823 Joseph Centers-New Kimberly-NM 51031",1990-03-12,87900785
92208747,Jennifer,Hicks,"32214 Berger Vista-East Gina-KY 59334",1992-08-11,87496311
30825794,Edward,Rodriguez,"30687 Aimee Ville Apt. 711-Davidville-RI 16365",1998-11-29,81131937
15182479,Victor,Johnson,"58222 Dennis Pines Apt. 492-South Monicafurt-AL 59745",1988-02-10,66664551
25897000,Stephanie,Cox,"686 Rodriguez Falls-New Jessica-WV 36109",1999-06-17,70615923
23926604,Kenneth,Nguyen,"1933 Cochran Creek-Hensonville-MO 01291",2018-09-07,97688719
89630159,Martha,Holt,"466 Monica Parkways-Port Aimee-CA 03806",2005-03-14,40193136
56720648,John,Harmon,"087 Burns Cliffs-West Richard-NM 42618",1991-12-14,76592148
87133842,Sheri,White,"848 Makayla Wall Apt. 634-Alejandrastad-WA 80721",1979-03-22,64535784
25251323,Kevin,Nelson,"2639 Bradley Canyon Suite 729-Krystalfort-LA 72182",1988-04-20,42566120
41068823,Donna,Compton,"562 Holmes Park-Johnsonport-DC 64970",1996-08-08,21148678
83946004,Sandra,Nelson,"6852 Flores Locks-East Joshua-PA 79649",1977-11-30,92603773
63908088,Russell,Figueroa,Unit 5845 Box 2442-DPO AE 96426,1992-10-03,74263262
90340188,Melissa,Smith,USCGC White-FPO AP 46992,2005-09-25,21399884
60473011,Laura,Hernandez,USCGC Hicks-FPO AP 83230,1988-12-30,79354380
83148229,Heidi,Saunders,"PSC 2758-Box 2742-APO AA 65188",1987-08-13,36179876
61624429,Brian,Silva,"93353 April Square-Parkerchester-MI 91281",2020-12-22,25594270
47143284,Kelly,Martinez,"28867 White Lakes-Reesefurt-MA 63865",1997-05-30,51115572
77661784,Debra,Brown,"85129 Jaime Circles Apt. 414-Davisland-RI 35076",1977-07-05,70621170
15442161,Theresa,Porter,"0765 Sloan Streets Apt. 054-Thomasport-TX 53371",1987-09-24,10002383
76706991,Melissa,Watkins,"1140 Tammy Junctions Suite 330-Salazarside-MS 73996",1997-09-29,28004071
58735498,Kimberly,Rodriguez,"796 Ellis Ferry Apt. 509-Kennethville-NJ 80587",2015-10-20,33401129
60180232,Sarah,Martinez,"PSC 8324-Box 2865-APO AA 25659",2020-12-16,83526296
44233017,Kimberly,Harris,"75730 Stewart Rapid Apt. 251-Patrickborough-OK 48051",2001-07-25,79640709
55841886,Sean,Green,"895 Jesse Crossing-Lake Christine-ID 52077",1981-08-05,71599829
45303721,Todd,Little,"357 David Key-New Kellie-UT 63427",1971-04-12,19627725
49385920,Stephanie,Collins,"0629 Winters Inlet Suite 084-North Thomasville-ND 81874",2008-10-30,41387324
72857599,Rebecca,Martinez,USS Zuniga-FPO AE 58117,2018-07-21,81810436
34882658,Janet,Adams,"1367 Boyer Land Suite 353-Larryside-WI 42907",1989-01-11,48162226
93516369,Olivia,Sparks,"608 Cochran Ville-Wilkinsonstad-NV 66962",2008-12-01,49468591
57864005,James,Odonnell,"11253 Peterson Court Apt. 121-Smithhaven-ND 77908",1994-03-30,96556337
17226473,Adrian,Rodriguez,"74509 Johnathan Park-Port Autumnshire-NE 36835",1978-02-09,34902247
89980569,Roberta,Collins,"149 Fernandez Mall Apt. 479-Hesterville-KY 22873",1996-04-17,84143990
68977767,Jeffery,Vasquez,Unit 4734 Box 4377-DPO AA 45340,1976-07-03,21029094
38504631,Joe,Harvey,"11678 Lee Walks Suite 937-Mckeeville-RI 23455",2010-08-01,52340174
12901665,Gwendolyn,Barnes,"67531 Miller Hills-West Andrewchester-RI 22457",1981-09-17,60788892
64538166,Amy,Abbott,"4391 Myers Locks Suite 986-Courtneybury-GA 40970",2018-09-22,58209043
79816281,Deborah,Warner,"578 Victoria Mountain Suite 340-Jonesmouth-CT 57785",2003-07-04,65254136
94498700,John,Gordon,"1438 Jason Turnpike Apt. 683-Terrishire-AK 17661",2000-03-03,34480861
75804327,Kathryn,Robinson,"635 Peter Expressway-Lake Jennifer-LA 93643",2014-11-27,13626528
19494207,Marissa,James,"476 Fitzgerald Shoal Suite 158-Lake Matthewville-CO 75322",1989-11-28,39276719
62602868,David,Edwards,"6969 Benjamin Rapids-New Amberchester-SC 67075",1982-05-24,47451778
19305836,Sarah,Park,"735 Patricia Islands-Meganville-IA 96038",1972-08-30,30649145
42836046,David,Wolf,"8126 Ortiz Creek-Stephanieberg-AR 70229",1987-05-06,31092415
58266280,Barbara,White,"566 Abigail Mount-South Cole-IN 32128",2014-10-21,67885705
27788465,Maurice,Dunlap,"424 Martin Squares-Hernandezhaven-WV 15941",1979-12-29,92054301
80176605,Caroline,Phillips,"2585 Juan Crossing Suite 705-Donnaport-NV 75684",1993-12-09,49716952
45365892,Brittany,Rodriguez,"502 Cory Canyon-Gallagherside-VA 89676",2009-06-08,24867775
83825218,Steven,Ross,"39080 May Brook Apt. 242-Thomasmouth-MT 07858",2004-01-31,75236648
16047397,Joshua,Gallagher,"1120 Lowery Skyway-Bethland-NJ 67205",2013-10-24,24249700
73235110,James,Bates,"PSC 5037-Box 4583-APO AP 29512",2018-01-04,75085950
61823721,John,Galvan,"41937 Lynn Mountain-Jasonview-TX 56784",2016-07-30,88925156
85963832,Miranda,Bernard,"2319 Russo Port Suite 597-East John-ND 40147",1985-01-31,91948195
72297860,Erica,White,"18851 Danielle Ferry Suite 845-Mckenziestad-NC 84924",1997-11-01,75837285
72816344,Carrie,Pugh,"74294 Peter Prairie-Shepherdhaven-MO 68715",1997-11-18,15173375
42100147,John,Joseph,"726 Delgado Ferry Suite 322-East Karenborough-VA 72845",1971-10-21,49215639
50553778,Amanda,Barber,"391 Louis Gardens Apt. 063-West Rhonda-VA 21221",1970-07-22,93145002
36380488,Thomas,Garcia,"2054 Montgomery Village-Cunninghamtown-ME 20637",1994-09-08,99769858
55720115,Jason,Taylor,"926 Preston Avenue-Morganberg-AL 16926",1976-04-06,39220034
39777546,Kristen,Williams,"480 Bailey Dam-Angelaville-KY 53835",1984-01-28,40960388
36629529,Marc,Atkinson,"9586 Rachel Drives Suite 233-West Carolville-OK 73847",1984-11-05,98485783
19987970,Christine,Roberts,"438 Daniel Road-New Richard-AR 97060",2007-01-20,97609788
70386952,Mark,Lawson,"5218 Butler Fork-East Samuelshire-WV 94408",1976-03-21,62066313
90631473,Jennifer,Nichols,"99224 Randall Motorway Suite 682-Lake Cristianmouth-NH 27583",1992-05-06,11817916
84642233,Sara,Bell,"455 Harrison Estates-New Tonya-FL 84052",1987-01-16,87036482
72429276,Elijah,Thompson,"2626 Susan Port-Juanmouth-NH 05684",1971-07-15,53806717
33152771,Virginia,Johnson,"4667 Martin Route-Blackborough-LA 55679",1999-10-07,18820852
41833928,Richard,Bartlett,"961 Alexander Curve Apt. 660-Lake Albertville-IA 93541",1981-04-06,33347985
60988546,Tracy,Andrews,"49482 Whitney Junction-Youngport-WV 57189",2006-07-20,54007023
54394978,David,Haynes,"03014 Brenda Fall Suite 608-South John-VT 50485",1971-05-14,83358978
43682818,Kevin,Espinoza,"3046 Dodson Fields Apt. 851-Jenniferside-SC 95578",2018-10-31,34024870
15716020,Adam,Burch,"3677 Erin Dam-North Karenton-GA 85857",1993-12-03,12983664
19602474,Lisa,Lee,"4824 Christina Expressway-West Richardfort-RI 76093",2001-03-02,47668695
64404209,Gregory,Ferguson,"20156 Aguilar Court-North Evan-AK 91925",2001-11-21,76516358
81947016,Joshua,Deleon,"997 Hammond Expressway-Hansenville-NH 71655",2018-07-30,43536276
89175671,Tracy,Rodriguez,"7302 Brown Creek Apt. 867-Port Frederick-WY 10831",1988-03-20,58981884
28393249,Brandon,Burns,"7217 Kevin Terrace Suite 245-New Bradyfort-CO 97850",2015-07-26,29170836
38795910,Austin,Clark,"468 Isaac Walk Apt. 626-Jacobstad-IN 20278",1973-07-25,78718006
82508298,Joseph,Lane,"972 Morris Passage Suite 899-Rileyfurt-TN 97342",1973-01-29,86334423
84760284,Ryan,Garcia,"7574 Kenneth Lights Suite 849-Lake Kevin-NV 87685",2016-03-03,77863908
22644626,Alexandra,Flores,"662 Catherine Freeway Apt. 324-Paulstad-UT 77765",2018-04-07,31807224
40317177,Ann,Hayes,"72044 Snyder Landing-Aaronberg-SD 79571",1986-02-12,52855270
76232620,Maria,Wright,"96858 Schaefer Lakes-Port Adrienne-FL 61117",1974-02-19,35514193
76125329,Christina,Williams,"9765 Courtney Mission-Robinsonstad-TX 78026",2015-02-06,27534856
81706229,Grant,Horn,"7524 Jason Passage Apt. 150-Rileyton-FL 85359",2021-01-18,65534460
62861197,Elizabeth,Boyd,"362 Johnston Trafficway-Williamsborough-MS 27359",1995-05-22,46430596
17508328,Zachary,Sanchez,"84170 Kevin Stravenue-Bennettshire-ND 95136",1976-05-03,60618184
70442862,Jonathan,Brooks,"8843 Patton Mountain Suite 054-Alexandertown-GA 98873",1991-03-14,86629684
79844324,Cheryl,Freeman,"920 Derrick Lock Apt. 316-Kimberlyview-MO 60183",2015-02-11,66908234
79285800,Andrew,Jones,"160 Russo Estate Apt. 787-Lake Lauren-CT 43858",1989-04-10,43770521
19549752,Sydney,Fletcher,"256 Parker Lane Apt. 292-Brownstad-MA 57211",1981-10-24,21461169
56152532,Beverly,Marks,"378 Harvey Rapids Apt. 858-Steveberg-WA 73159",1985-01-16,27458128
31458346,Dale,Hill,"4483 Chelsea Parkway Suite 952-North Sonya-VT 57506",2020-02-12,82133586
24398886,Andres,Lynn,"160 Joy Rest-East Donaldmouth-DC 49062",1978-03-06,30875909
74091634,Ashley,Levine,"75736 Nicolas Summit Suite 421-New Edward-SD 97250",1973-07-05,64450712
92991959,Linda,White,"9037 Gaines Roads Apt. 099-Hollandport-NV 89684",1980-04-05,71978755
81029535,Richard,Nelson,"45492 Richard Crest-Jamesville-VT 52856",1984-07-24,62081048
30778017,Emma,Miller,"105 Mark Cape Suite 806-East Mariefurt-IA 56359",1975-02-26,31942676
51499903,Joshua,Parker,"521 Claudia Crest Apt. 548-West Erik-OR 15220",1979-04-05,11761661
80017717,Casey,Porter,"541 Smith Turnpike-Jennifershire-WY 06001",2010-06-05,92855777
59707434,Cole,Wilkinson,"975 Donald Walk-East George-GA 89073",2009-01-31,54965176
17079882,Gabriel,Mcdonald,"3111 Edward Lodge Suite 321-Sarahland-WI 67230",2006-05-29,37830188
67328740,Dawn,Mercer,"3740 Schmitt Station Suite 790-Smithborough-AK 24484",2008-08-22,63215818
17357694,Steven,Saunders,"358 Huffman Turnpike-Tinaview-OK 62612",2018-05-02,68364973
26689225,Kevin,Pena,"138 Jason Path-Leeport-DE 25290",1996-03-27,67683702
22282322,Perry,Howard,"731 Paul Passage Apt. 638-Victoriashire-WY 14496",1984-03-14,63574520
41995723,Scott,Copeland,"17978 Thompson Fords-East Amandashire-CA 30305",2017-03-27,67709125
68564307,Alexandra,Conner,"85105 Cardenas Mountain Suite 359-South Teresa-CT 42458",2008-03-05,26910170
45589271,Holly,Rogers,"439 Mindy Village-North Oscarberg-WY 70278",2020-11-02,89531655
72295127,Barbara,Vang,"60330 Sandoval Lock-Port Davidport-VA 77625",2009-01-15,95080084
11642090,Rachel,Reyes,"692 Edwards Island-West Andrew-AK 33975",1975-02-06,54709578
16783335,Debra,Navarro,"83779 Trujillo Field-West Christopher-KY 26713",1986-11-16,31156896
96362830,James,Price,"098 Matthew Pike Apt. 674-Porterbury-OK 24963",1992-09-29,67668113
85958620,Robert,Simpson,"03811 Anderson Cape Apt. 867-Christopherburgh-IN 59995",2011-02-23,49351883
64616138,John,Miller,"1035 Frank Dam Apt. 191-West Melissa-MO 88931",2012-06-09,29902628
72563795,Brendan,Patterson,"588 Johnston Mountain-Scottshire-MN 75845",1999-12-27,74265993
41952304,Gregory,Lucas,Unit 6726 Box 4030-DPO AA 24307,2010-11-07,17813511
64224954,Anthony,Conner,"5410 English Fords Apt. 192-Stephanieberg-TN 33127",1983-02-16,76695278
55398477,Jennifer,Perkins,"816 Jacob Turnpike-Williamsview-ME 61818",2018-02-05,25314221
16036832,Jennifer,Rollins,"7858 Michael Mountain Suite 396-Johnsmouth-MA 54842",1975-10-21,62897633
18323698,Christopher,Stewart,"925 Carla Hill Apt. 088-South Danielle-KS 11302",1997-12-02,34808165
30187652,Steven,Nguyen,"7813 Christian Heights Suite 333-North Jeffrey-OH 56432",1970-08-16,30105413
75146528,Annette,Coleman,"82342 Cobb Cove-Angelaland-NV 24894",1986-04-02,67778393
89736087,Patrick,Barnett,"055 Ali Shoals Apt. 677-South Sabrina-MO 11813",2017-08-18,54617051
59647470,Jose,Nguyen,"621 Gregory Lodge-Alexanderton-IL 59078",1996-06-14,64100046
15251544,Roger,Bell,"572 Joshua Road Suite 695-Jacobschester-PA 47570",1989-03-27,92451649
53790912,Stephanie,Morris,"17990 Jessica Knolls Suite 376-Barnesside-NM 82309",1984-03-23,15463250
22650997,Kristine,Davies,"8632 Lucas Harbor-West Danielmouth-IL 72208",2007-06-23,15922142
45116002,Matthew,Morgan,"535 Mariah Park-Amyburgh-NY 91005",2017-12-31,92325707
81363700,Andrew,Bailey,"810 Simpson Ridges Suite 420-Davisview-PA 45906",2021-01-18,11425056
92848467,Shawn,Campbell,"4074 Samantha Cliff Apt. 160-East Jennifermouth-WI 76635",2008-07-09,76129491
17493324,Brandy,Johnson,"2471 Renee Divide-Boydfurt-NE 99036",2000-02-08,69764587
20877254,Veronica,Mooney,"459 Rocha Track-South Dariusport-LA 38098",1976-08-07,35854369
26163777,Daniel,Nguyen,"6859 Mallory Field Suite 276-North Duaneside-OK 12814",1986-06-29,36543940
71389935,Susan,Thompson,Unit 8499 Box 2149-DPO AE 96794,1999-05-06,53921112
22321441,Jennifer,Jacobson,"2524 Bell Station-South John-PA 77150",1974-08-18,41939083
17658038,Teresa,Walton,"PSC 9759-Box 7496-APO AE 95234",1996-01-14,27757297
76766328,Jose,Reynolds,"3869 John Fort Apt. 097-South Marieburgh-SC 98432",1997-09-30,65866074
66734875,Patricia,Nolan,"044 Ross Radial Apt. 865-New Austinburgh-WA 28007",2019-04-04,73118319
87152148,Amy,Johns,"436 Juan Fall-South Sydney-AL 61059",1992-07-03,82093766
73520612,Sherry,Juarez,"3259 Cynthia Rapid Apt. 033-South Gloria-AK 93078",2010-04-15,86829362
46415551,Kevin,Mooney,"86499 Rhonda Rapids-Calvinland-WV 35796",2011-06-21,21217783
51465704,John,Mckay,"PSC 9126-Box 2221-APO AP 14893",2019-01-28,68470062
11612342,Brett,Murphy,"8837 Harrison Circle Suite 228-New Matthewville-ID 80440",2007-07-14,44410182
23645319,Kevin,Anderson,"879 Hahn Mission-Finleymouth-IN 97563",1999-09-07,37739616
19307647,James,Williams,"300 Ball Lodge Apt. 924-Taylorstad-NY 79003",1994-09-26,53687134
52926123,Sandra,Stevens,"24392 Gross Union-North Cheryl-WA 39038",1997-03-11,52782415
16223964,Sandra,Williams,"128 Chris Cove Apt. 376-Sellersburgh-SD 37707",1990-10-11,28973534
58553536,Michael,Holland,"55023 Dakota Park-Andradehaven-CA 19122",2001-03-21,29986514
82504175,Ryan,Harmon,"15221 Monica Burg Suite 486-Natalieshire-PA 66263",2010-04-07,92160743
40628605,Joseph,Garcia,"99820 Andrea Greens Apt. 464-Lake Carolview-OH 88974",1995-06-12,23432381
63032655,Sean,Perry,"4819 Sara Ramp Apt. 982-Jeremiahhaven-DE 70540",1990-02-15,99859327
86122899,Julie,Gray,"9222 Gallegos Vista Apt. 751-Guerreroburgh-HI 84721",1970-03-20,29583206
13787357,Laura,Harris,"88226 Teresa Courts Apt. 503-Wadeland-AL 18640",1987-09-01,95605094
96123062,Daniel,Campbell,"930 Michael Lodge Apt. 605-Bauerchester-WV 17432",1983-07-04,16120505
47606357,Tracy,Carter,"841 Romero Radial Apt. 716-Michelehaven-DC 00932",2019-12-28,39396483
51826290,Kevin,Parker,"3570 Noah Pine-Maryborough-KY 86609",1983-01-08,58234525
93231559,Dean,Padilla,"6020 Erica Brook-New Michael-AK 68134",1990-10-15,72698465
37940782,Kristin,Lee,USNS Mills-FPO AA 59835,1992-02-28,26707168
42882962,Danielle,Murphy,"366 Charles Squares-Rogersport-VA 49085",2011-04-03,22531739
40745540,Tammy,Thomas,"36117 Fisher Mills-West Carmen-ME 80144",2003-05-19,18322426
34909249,Jason,Carrillo,"0945 Carolyn Parkways-Matthewport-WY 04343",2005-10-31,26182443
20618372,John,Caldwell,"8371 Brittany Crescent Apt. 646-Sanchezmouth-AK 30525",1993-12-30,19400206
91615164,Brandy,Harris,"045 Jessica Port Suite 799-Josephview-NM 16218",2011-05-15,52142647
10193070,Christina,Thompson,"171 Bates Pike Apt. 479-Kaylaborough-MD 81927",2009-07-03,30078286
97172970,Mariah,Ryan,"2050 Anderson Land Suite 618-Elliottland-MS 54339",1998-06-20,18207589
36239480,Matthew,Coleman,"5327 Smith Viaduct Suite 186-West Veronicaton-FL 47339",2020-03-10,52142617
34567453,Luis,Stone,"82521 Shaffer Forest Suite 223-West Logan-NY 23166",2013-12-19,59582449
91430555,Darlene,Glass,"568 Price Mount Suite 678-Pamelatown-OR 28992",1986-04-22,52019681
87425065,Stacy,Cisneros,Unit 8183 Box 9450-DPO AP 80959,2015-12-07,24688229
87262091,Jacob,Walker,Unit 6246 Box 6707-DPO AP 10993,1991-10-29,30454507
66040109,Katie,Carlson,"78831 Grant Groves-Nolanhaven-AK 40139",2020-08-24,59147253
78037158,Elizabeth,Manning,"41308 Baker Dale Suite 899-New Sarah-WY 01964",2010-02-12,63186509
22901531,Michael,Ellis,"47007 Megan Route Apt. 804-North Crystal-IA 47895",1980-07-14,82344354
75648742,Steven,Page,"81333 Brown Cliff Apt. 186-New Nicoleborough-IN 48391",1972-04-29,78389226
20842936,Joseph,Lester,"525 Christopher Circle Apt. 638-North Christopherfurt-KY 77542",2019-06-14,20184724
93603995,Victoria,Henderson,"39067 Theresa Via-Wendyborough-DE 66327",2019-12-03,25814046
53640034,Kayla,Green,"3035 Duffy Port-Port John-MO 90519",1999-03-27,96212667
54632622,Tammy,Davis,"14279 Harrison Court-West Janice-SD 91786",2007-10-28,13619137
38494731,Joshua,Mills,"0880 Brandy Trace Suite 723-Michaelburgh-TN 36822",2013-05-14,12946086
83416772,Paul,Novak,"28807 Teresa Cliffs-Mooreburgh-PA 41152",2016-09-03,47851681
81906274,Patrick,Oliver,"2708 Obrien Port Suite 864-South Ryan-MS 36406",2002-11-30,54757947
76827277,Caleb,Johnson,"62331 Phelps Crescent Apt. 778-Thorntonshire-ND 17709",2005-11-11,92931463
16159960,Nicole,Taylor,"63591 Pittman Locks-South Scottmouth-AL 81168",1987-09-22,62323982
38550758,Gregory,Griffin,"01239 Ashley Summit-Port Michaelton-NJ 87533",1996-07-18,93498739
53409608,Jennifer,Parrish,"9526 Pierce Ford Suite 283-Port Susanhaven-HI 93505",2001-04-12,33714804
86915721,Judith,Day,"731 Bradley Vista-Jonathonville-IA 14095",2014-05-15,19572547
64377151,Tara,Brown,"61971 Corey Route-North Bradley-NM 47258",2020-04-29,55831693
42994528,Evan,Fowler,"116 Christine Stravenue Apt. 750-Lake Angelaville-SC 94567",1976-03-18,99834987
18003960,Gabrielle,Wilkerson,"3360 Todd Roads Suite 316-South Jacqueline-KY 73976",1986-02-01,59603419
24573233,Lisa,Downs,"122 Melissa Falls-Charleneside-SC 14692",2010-06-23,30064194
94669994,Raymond,Drake,"579 Christopher Shores Apt. 616-West Chadborough-PA 21428",1976-11-01,52641571
30878390,Stephen,Hayes,"472 Mary Street-Nathanmouth-VT 48573",2003-03-27,57805782
68901987,Peter,Chambers,"23337 Alexis Row-Port Aaronton-MN 84798",2000-09-15,15052107
91331567,Todd,Ray,"9940 Taylor Extension Suite 495-Charlesmouth-UT 42786",2009-04-17,21865776
44840595,Justin,Rodriguez,"433 Strong Viaduct-Port Christopherport-WY 71444",1991-06-15,85894485
29727407,Tracy,Kelley,"8839 Danielle Neck-Garciastad-OR 55540",1970-10-30,16582883
68836411,Larry,Collins,"5265 Dana Junction-Sharpberg-NJ 60511",1977-07-22,26938716
92066656,Aaron,Gould,USS Anderson-FPO AP 99493,1990-10-11,68878341
85233155,Shannon,Chambers,"47755 Sarah Fall-Port Christianfurt-CA 68490",1999-02-02,80208559
16328353,Brandon,Garcia,"8111 Crystal Alley Apt. 529-Angelabury-AL 53168",1973-11-26,90340440
28525389,Kathryn,Jones,"03809 Johnson Wells-Port Robertberg-OK 22452",2007-05-28,36301244
18575719,Terri,Hall,"512 Daniel Isle Suite 405-Odonnellport-WI 32967",2006-03-15,67756087
72463933,Nathan,Mcneil,"029 Jimmy Stream Suite 848-East Julie-OR 26957",1986-02-12,86756434
64271107,Scott,Schroeder,"489 Ann Plains Suite 548-Lake Sharonchester-CO 74254",2007-03-21,70688213
23447608,Mary,Bishop,"82404 Jackson Hollow Apt. 379-Simmonsmouth-VT 43537",2015-09-06,28102949
66882663,Jennifer,Smith,"PSC 9195-Box 0827-APO AE 97102",2002-01-30,29061274
60705336,Gabriel,Grant,"71483 Bates Spurs-West Matthew-AK 88259",2014-12-23,54672603
26128888,Kelly,Lawson,"7363 Joyce Court Apt. 687-Russellton-ME 44166",1995-11-03,26991274
32960911,Anthony,Wright,"192 Walters Lodge-Port Colin-MT 91226",1983-02-16,55511123
81538244,Emma,Cole,"9779 David Crescent-Pattersonmouth-VT 00767",2006-04-12,18424203
58027710,Dale,Robbins,"908 Harmon Forks-New Kevinmouth-CO 65261",1986-01-08,55651957
65514530,Mary,Holt,"991 Carlos Curve-Kelleyland-IL 99434",2004-04-04,54280798
42139288,John,Ritter,"94810 Meghan Parks Apt. 313-Erikton-TX 91017",1997-01-15,45309632
36414189,Bethany,Gordon,"PSC 2572-Box 7942-APO AE 92427",1981-10-13,90524366
68310191,Jamie,Taylor,"9779 Carrillo Street-West Marktown-DC 74868",1993-02-26,82574889
92955142,Robin,Adams,"15539 Michael Corner Apt. 098-East Bradleymouth-MS 69198",1976-03-06,96941965
57497593,Sara,Perry,"1677 George Rest-Levyfurt-WV 94442",1989-02-03,88104164
74504977,Angie,Garcia,"26111 Henderson Terrace-Heatherside-NE 75344",2000-02-04,85897172
93083092,Andrew,Dunn,"917 Hunter Street-Port Alejandro-ID 13388",1972-03-11,12479069
27092741,Alexis,Cruz,"601 Bailey Pine-Piercehaven-IA 04716",1998-04-04,89963279
48640472,Randy,Dennis,"54866 Jimmy Union Suite 144-Julieport-MS 89267",2003-03-18,19296094
46525659,Kyle,Lee,"771 James Field-Sarafurt-IL 22601",1992-06-04,73613202
23679636,Keith,Sharp,Unit 2740 Box 6496-DPO AA 47776,1981-07-13,67041301
85829043,Anne,Jones,"63797 Chambers Garden-North Donnastad-WV 04877",2004-02-11,54055138
24416728,Julie,Hawkins,"4815 Ward Camp Suite 611-Jillside-NY 72411",1975-01-05,33100847
57531828,Meghan,Smith,"92113 Juarez Ferry-Amberberg-OK 29000",2013-07-07,42783938
40007943,James,Williamson,"783 Booth Park-New Jamesport-NC 90553",1998-12-28,41629310
74005324,Thomas,Todd,"461 Danielle Radial-Rogersfurt-AL 12894",1976-02-04,96596276
66624968,Thomas,Petersen,"33780 Lynn Oval Suite 074-Davisborough-DE 81548",1987-02-23,17594394
98834021,Dominique,Reid,"1343 Melissa Falls Apt. 411-Scottfurt-WV 33266",1994-01-18,59615084
37801108,Larry,Wilson,"055 Albert Route-New Claudia-SD 35506",1972-01-18,65834151
78711306,Brian,Barnes,Unit 9222 Box 3157-DPO AE 62762,1972-01-10,31578147
56631479,Mary,Clark,"66269 Holmes Drives-Alisonstad-NJ 68121",1994-03-12,68651001
23539935,James,Pugh,"901 Pollard Keys Apt. 385-New Andreabury-HI 43312",1986-08-25,37372836
80533774,Laura,Carlson,"751 Stevens Underpass Apt. 842-East Robertton-AL 32135",1977-09-28,61313981
47003088,Brian,Schmidt,"29125 Mark Row-Lake Danielleside-UT 83885",2005-10-10,50485510
98797267,Michele,Blair,"8209 Jason Trafficway Apt. 197-Fullerview-TX 31127",1977-11-11,79901704
44153060,Dustin,Phillips,"7079 Mcneil Estate Suite 132-Petersonchester-DC 98255",1991-09-08,35513602
59711291,Timothy,Novak,"93652 Taylor Ford-South Gary-LA 71811",2011-05-19,30834969
76280076,Elizabeth,Moore,"60782 Johnny Avenue-South Jacob-WI 14472",2006-10-31,71788115
29854527,Kim,Ferguson,"63558 William Branch Suite 688-New Brittany-MD 88464",1990-03-17,74992963
59723165,Rhonda,Gonzales,"9492 Nicholas Heights Suite 092-Keithbury-CA 12193",1989-11-01,34683555
64325270,Jason,Weaver,"4882 Christina Ramp Suite 552-Newmanburgh-DE 34921",2018-01-27,11316852
61828651,Jeffrey,Cole,"4843 Trujillo Trail-Knightbury-GA 80355",1995-06-27,17255815
20289767,Amber,Knight,"68931 Hartman Common Apt. 832-South Brandyport-WY 01203",2004-11-25,81682384
95147281,Michael,Montgomery,"7665 Huffman Wall Suite 615-Fischerfurt-AL 62325",1997-11-02,76820419
98503393,Samantha,Jackson,"404 Mary Prairie Apt. 946-South Danny-NH 97165",1991-07-17,11218310
67940502,Joshua,Shaw,"62663 Kenneth Center-New Tammy-DE 59682",1978-07-15,17276639
74760924,Lisa,Jensen,"162 John Rapid-South Nicole-WV 81248",1973-05-09,82171553
71320968,David,Thompson,"6604 Brianna Light-East Maryport-HI 19178",1989-05-07,50428925
52374910,Vincent,Tucker,"031 Young Unions Suite 872-North Katie-DC 70404",1994-02-02,17359090
27965844,Douglas,Forbes,"5350 Michael Knoll-Port Zachary-GA 74929",1977-05-21,11444794
71597785,Stephanie,Melton,"0963 Patel Parkway Suite 661-South Nathan-GA 23453",1982-11-20,13717408
54372532,Samantha,Raymond,"333 Grant Greens Apt. 482-South Miranda-AK 26642",1972-03-31,33222470
39488865,Rachael,Lawson,"4541 Black Mews-North Anthony-KY 68430",2000-11-20,75972046
96394308,Samantha,Donovan,"2432 Mercado Club-Ashleybury-FL 92494",1975-11-21,72535496
95617987,Paul,Torres,"4084 Aaron Way Suite 677-Thompsonfurt-IA 38287",1992-01-07,34877091
72574867,Tony,Lamb,"83768 Eric Dale-Andersonport-NM 25964",2003-03-10,83989481
10860522,Michael,Zhang,"7527 Burns Viaduct Apt. 390-Mendozaview-WI 82594",1974-09-30,39648684
77900774,Gregory,Bentley,"48265 Pamela Road-West Jill-SD 49288",1996-06-08,79604943
51989381,Mariah,Lowe,"62801 Lisa Terrace-Dianeside-IL 45379",1971-12-05,59269480
18259355,Erica,Bell,"475 Krista Trafficway-Anthonyview-GA 29075",2013-08-01,79670769
13686517,Diane,Curry,"6332 Burke Street-Lake Gregoryside-WI 83976",2019-04-19,59190686
81013885,David,Jones,"255 Tonya Lakes Apt. 838-Pacebury-VT 55665",2019-03-16,89237918
30639123,Tammy,Rosales,Unit 1068 Box 7482-DPO AE 21947,2019-10-08,48100885
90661097,Travis,Reeves,"237 David Fields Apt. 741-Lake Richardchester-AK 55882",1979-02-20,18834593
87577288,James,Hall,"63171 Denise Key-Lake Jennifer-WV 52180",2006-07-23,94872596
65223949,Katrina,Miller,"500 Rodriguez Shoal-Perezborough-NH 66561",2002-05-19,97907228
88177583,James,Sloan,"004 Christine Drives-New Perry-DC 13045",2011-03-06,77506621
31845691,Pamela,Martinez,"90857 Liu Vista Suite 481-Greenmouth-KY 53073",1974-04-20,91815654
64935109,Kelly,Stewart,"942 Tina Shore-New Dylanhaven-SD 68009",1999-06-01,37847159
86471346,James,Williams,"17539 Lori Haven-Miguelside-SC 39738",1985-07-21,50313638
15706485,Tara,Todd,"53004 Long Shore Suite 703-South Carolynville-MA 69145",2006-02-06,20570832
90952695,Megan,Griffin,"0175 Schwartz Loaf-East Joelshire-WI 65835",1975-04-18,89191917
42336985,Anna,Bell,"3471 Olson Pike-South Anita-MD 05099",2017-11-09,13047810
53717661,Brooke,Gray,"37952 Weaver Walks Suite 514-Patelmouth-NC 18195",2020-06-05,60279221
13712194,Jason,Ochoa,"393 David Loop Suite 908-Mooreport-AZ 23427",1986-09-04,24695208
73457777,Anthony,Gates,"759 Olson Views-Rodriguezburgh-IL 81364",1971-11-17,54383880
54288027,Evelyn,Cooper,"19825 Sandra Forks-Port Christopher-RI 96626",2000-05-19,35509814
12482652,Carol,Moss,"2829 Jacob Turnpike-West Brandon-FL 05897",1980-06-21,87020930
90719785,Jeffrey,Williams,"PSC 3472-Box 2575-APO AP 87443",1975-04-20,76612438
80478126,Joshua,Miller,"80352 Chandler Crest-Paulbury-TX 85211",2011-08-14,93785360
73014497,Amanda,Davis,"162 Julia Extensions-Sanchezborough-MA 86004",1989-12-15,17729801
12174229,Michael,Hicks,"PSC 4838-Box 7762-APO AP 78703",1986-08-19,34271941
32075840,Craig,Jones,"0739 Kaitlyn Ports-Lake Jamesmouth-MI 46562",2002-02-04,10226227
82048513,Vickie,Robertson,"9118 Gutierrez Mountains Apt. 245-North Stevestad-MI 49263",2014-05-23,33359199
80648833,Heather,Allen,"846 Walker Club-South Kellyside-AK 17986",1973-10-13,71633501
59344023,Lisa,Kelly,"1387 Miller Highway-Cummingston-SC 45740",2009-01-16,44185039
41619086,Adam,Peterson,"1573 Kristy Roads-Mooreland-MS 74195",2011-11-24,60078644
91249846,Michael,Diaz,"893 Michael Forges-Port Johnfurt-SC 01830",2014-08-25,36547672
85467513,Nathan,Dominguez,"5493 Timothy Village Apt. 882-Port Nancyfurt-OH 08915",1996-02-09,48653893
73930548,Natalie,Carroll,"460 Hughes Creek Apt. 756-Lauraside-FL 61967",2000-08-10,33605044
84492148,Kayla,Mccall,"36097 Brian Station-Lake John-MS 81628",1972-09-06,51267267
74615199,Kevin,Roberts,"1343 Hensley Point Suite 338-Elizabethhaven-OK 31835",2012-04-08,19104435
59127595,Kathryn,Ingram,"57759 Thompson Cliffs-Littleborough-LA 66704",1994-10-30,66505374
53916304,Sherry,Moore,"24378 Kimberly Divide-South Micheal-RI 15058",2018-05-08,11656939
88545085,Pam,Collins,"064 Kimberly Trail Suite 742-Justinfurt-ME 03932",1979-07-05,25547153
60753759,Chad,Mills,"PSC 4089-Box 8342-APO AA 44114",2014-02-27,35060753
37571017,Olivia,Holloway,"5638 Hahn Forges Suite 528-Garnerside-HI 58534",1987-06-25,78368989
25697354,Brenda,Perez,"8897 Angela Locks Suite 672-Shelleyhaven-OK 30186",1989-06-14,69646346
94167726,Stephanie,Lee,"822 Humphrey Ports-Debbieburgh-NY 72345",2010-04-29,42771490
12492288,Brenda,Rodriguez,"178 Richard Extension Apt. 389-Cooperstad-LA 21725",2016-01-03,32044946
43327406,Victor,Branch,"PSC 7085-Box 6401-APO AE 25366",1993-10-21,73353613
66739534,Tony,Sloan,"496 Theresa Parkway-North Raymondbury-NJ 23728",1984-07-04,81880729
33446708,Patrick,Young,"8906 Chavez Walks Apt. 936-Kevinborough-RI 75112",1972-03-06,81479327
56110103,John,Gomez,"931 John Isle-Richardberg-CO 05313",1987-11-24,79357879
90354918,Alexa,Price,Unit 7554 Box 3150-DPO AE 08697,2013-05-01,90802402
94790454,Katherine,Rivera,USCGC Rodriguez-FPO AE 59836,1978-01-09,87156157
83546165,Bruce,Gates,"296 Jackson Flat-Gregorybury-WV 31986",1988-06-24,11770943
55041969,Janet,Hall,"68146 Gregory Hollow Apt. 911-South Lauren-AZ 43798",2007-08-03,63039705
76337132,Kristen,Lopez,"611 David Glens Suite 166-Lake Robertburgh-NC 70801",2001-07-19,78022524
66460119,Renee,Knight,"44051 Angela Overpass-Lake Jeffmouth-KS 09719",1985-12-29,34629679
82063202,Sonya,Bruce,"929 Ricky Groves Apt. 857-Carlaport-AL 85953",2003-03-12,40419761
45684485,Erin,Henderson,"16707 Meyer Bypass-Nelsonhaven-MI 69315",2015-10-12,13102774
81951678,Peter,Taylor,"5234 Cook Knoll Suite 769-South Kimberly-MA 33258",1985-11-18,66977222
64062127,Michael,Mendez,"8762 Perry Gateway-Stanleyland-TN 98370",2020-11-17,65369515
82587190,Melissa,Ramirez,"51471 Brandon Ports-North Michaelton-SD 41739",2002-02-18,83259105
73941515,Heather,Martinez,USS Tapia-FPO AP 33425,1970-03-25,22469139
10738608,Edgar,Green,"36904 Maxwell Plains-New Elizabeth-CT 87124",2018-08-02,84527102
27717642,Denise,Glover,"197 Moran Groves-East Mariachester-NM 84575",1970-10-12,42624892
42383216,Lisa,Hayden,USCGC Figueroa-FPO AE 52318,1989-11-03,94316410
82344059,Kyle,Benjamin,"62659 Sharp Springs Suite 361-West Gwendolynstad-DE 84416",1989-01-30,12725677
48133636,Daniel,Munoz,"18233 Mann Curve Apt. 292-West Dannystad-OH 41613",1988-09-18,89010566
92950143,Daniel,Garcia,"14356 Moore Vista Suite 433-East Lisa-KS 12600",2008-09-09,46731613
48755632,Jack,Kim,"77824 George Radial-Lake Amber-HI 84774",1978-12-09,95461961
47263226,Jose,Richards,"6352 Byrd Parks-Port Debra-SD 97280",2012-07-28,64533542
41976457,Matthew,Lopez,"9515 Evans Knolls-Evanburgh-DE 71381",1996-01-31,20499053
82730283,Kimberly,Hernandez,"8929 Michael Points Apt. 285-West Suzanneburgh-DC 24909",1972-01-25,77466800
82239421,Samuel,Kelly,"76055 Martin Heights Suite 767-Robinsonburgh-MI 95354",1997-03-08,67466275
96666062,Kimberly,Rodriguez,"42243 Dominique Loop-West Danielhaven-MS 60209",2005-07-23,26117729
61860793,Jennifer,Young,"84241 Morris Turnpike Suite 519-Cohenville-MN 66278",1980-12-30,38622081
21403332,Sydney,Rios,"02099 Gibson Flat Apt. 416-Reevesville-ND 83433",2002-07-23,94912027
73681236,Ricky,Chase,"006 April Plaza-East Johnshire-TX 84465",2003-11-20,72910133
38201345,Kevin,Jensen,"6409 Sullivan Wall Apt. 037-East Lindastad-VT 85707",2017-08-11,80281730
75271335,Ashley,Rice,"35595 Sims Park-West Richard-SC 28153",1995-09-04,99039949
25959822,Kara,Cruz,"4510 Carrillo Lane Suite 852-West Vanessa-SD 56455",1971-05-22,18917417
32786106,Sarah,Young,"098 Clark Circle-New Timothy-ND 95792",2009-07-14,41397079
64312395,Ashley,Johnson,"9969 Reynolds Inlet Suite 515-Lake Amandaland-HI 26930",2005-12-01,18076165
39908255,Gary,Johnson,"042 Jeremy Union Apt. 988-Petermouth-NH 79530",2017-03-06,65566222
30648736,Edward,Lee,"46187 Collins Ferry-Whiteborough-MI 73640",1970-07-01,75244854
10122483,Breanna,Long,"28239 Nicholas Ford Apt. 481-Melissaview-WY 07821",2017-06-18,27167594
25806305,Kenneth,Hernandez,"119 Matthew Plaza Apt. 699-Lucasfurt-NH 11827",1976-08-09,72297075
52775951,Amanda,Johnston,"745 Andrea Isle Apt. 000-Hansonland-OK 85532",1993-10-06,66070125
70471791,Nicholas,Miller,"30874 Anderson Mission-Davisfurt-MO 08078",2018-12-09,64535705
31557133,Ronald,Beck,"8440 Martin Villages-South Brettbury-OK 79372",2012-08-15,13452051
54357890,Kyle,Davenport,"11108 Gaines Passage-Lake Laura-NV 43343",1989-03-18,66185957
50436077,Patrick,Nelson,"344 Lopez Stream-South Devinview-NY 07455",2013-07-01,65561449
15953895,Robert,Taylor,"88329 Joy Park Apt. 590-Port Christopherfurt-DE 88000",2011-02-24,21976288
34643356,Melissa,Sandoval,Unit 8766 Box 6715-DPO AE 10825,1983-12-01,56143789
75160092,Laura,Love,"PSC 1434-Box 1161-APO AA 34201",1971-02-01,12975035
25844519,Sandra,Aguilar,"23037 Rodriguez Underpass-West Teresabury-CO 68511",2019-10-12,33358621
10875147,Travis,Hudson,"PSC 9764-Box 4858-APO AE 89916",2004-04-08,32323826
23209592,Jennifer,Benson,"354 Wendy Mews Apt. 844-East Evelyn-PA 56498",2004-07-25,87429712
37706673,Michelle,Wilson,"775 Delgado Canyon Apt. 329-Amyville-MN 38677",1987-10-16,72820792
45289501,Monica,Bowers,"95291 Flores Heights-Port Kayla-CO 22061",1981-03-11,25812588
93229846,Patricia,Gay,"226 Tracey Alley Suite 195-West Brianatown-CO 39889",2004-04-21,60218927
71223178,Julie,Swanson,"8190 Jones Flat-Karachester-MN 52398",2015-02-22,39322107
14997290,Christina,Farrell,"1868 Foster Square Apt. 940-South Matthewfort-NE 31234",2015-03-07,65611753
83614541,Ethan,Allen,"07849 Bethany Gardens Apt. 295-Watsonstad-AR 40388",1973-09-14,52425844
13277370,Sheri,Martin,"845 Chang Inlet-South Loriville-KS 51361",2002-04-28,94649890
92667301,Erin,Marquez,"5220 Harrington Walks-Lake Cynthiamouth-NM 82575",1995-12-14,43103892
29067346,Joshua,Wiley,"8108 David Fall Suite 475-Westborough-GA 94086",1978-01-05,85307688
96898811,Michael,Navarro,"43447 Campbell Crossroad-East Jennifer-FL 77868",2015-09-23,57415251
56815095,Debra,Potter,"148 Moore Dale Apt. 397-South Austin-MO 83281",1979-10-28,66641014
44672269,Laura,Payne,"1176 Brian Drive-Jamesmouth-NV 10770",2006-09-21,64171170
30698977,Samantha,Ellison,"0605 Hamilton Greens Suite 207-East Michellefurt-AR 89332",1987-06-25,72845307
93241044,Melissa,Ross,"95526 Barton Greens-Gabrielstad-UT 36680",1988-01-29,24108838
12008004,Jonathan,Smith,"02295 Phillips Inlet Apt. 606-West Stacyside-NH 91242",2018-09-18,99917810
62457645,Keith,Carlson,"3344 Andrew Mall-Fordchester-VA 03433",1990-10-29,63632353
42219409,Jonathan,Brown,"13253 Young Inlet Suite 550-Kristenbury-ID 31952",2017-04-17,99163513
67148720,Calvin,Flores,"979 Jason Skyway Apt. 611-Port Nancy-WV 81104",2006-12-21,70522849
50518189,Brooke,West,"774 Gerald Squares Suite 699-Washingtonborough-MA 44709",2012-02-28,68272022
62869033,Suzanne,Neal,"45700 Baker Greens-New Kathrynhaven-NV 51384",2009-08-10,62816528
78989260,Jennifer,Wallace,"10598 Angela Forges Suite 626-North Michellemouth-AR 49613",2005-01-04,44614689
61720933,Donald,Lopez,"636 Bridget Cliffs Suite 621-Amandaville-IN 46015",1991-03-20,65404051
77519918,Caitlin,Newman,"58994 Tammy Lakes-North Crystalview-GA 29303",2018-11-18,28233562
56709868,Michelle,Carpenter,"8449 Thompson Orchard-Laurieport-MT 46509",1986-05-06,71245845
16893501,Michael,Young,"128 Pamela Islands-East Michael-SC 54528",1991-11-13,97077535
33160705,Samantha,Dixon,"9259 Amy Prairie Apt. 149-Robertsport-LA 52134",2005-11-10,77047089
95089917,Carl,Cline,"820 Debra Square-Joelburgh-MN 54302",1997-07-04,69729059
64520417,Terri,Kelly,"046 Miller Mission-Port Brandonview-RI 94832",1995-10-28,56266747
14389318,Mary,Allen,"210 Aaron Squares Apt. 705-Whitefort-CT 04914",1980-04-24,27376420
22985025,Douglas,Rogers,"64660 Tammy Bridge-Coxburgh-PA 77489",1974-04-19,90950238
92850528,James,Stewart,"0889 Stone Cliff Apt. 156-Aaronland-FL 63271",1981-03-15,59339978
82774810,Amber,Garcia,"16854 Torres Center-West Kennethport-KY 31165",2018-09-01,34963962
95365863,Jacob,Cooper,"177 Harris Ways-Port Davidport-ND 14858",2016-01-29,57541343
18679711,Laura,Brown,"180 Christopher Expressway-Hillborough-MA 93123",2000-06-29,23104323
51202746,Joshua,Ford,"89048 Samantha Rest-West Williamchester-IL 36538",2019-06-15,38722427
78630737,Melissa,Marshall,"0429 Duncan Bridge-West Matthew-IA 16630",1990-10-23,68675594
48612304,Dana,Collins,"0813 Amy Inlet-Candiceshire-ND 09104",2015-05-02,80179939
59847645,Sally,Conley,USNV Bailey-FPO AP 97384,2008-02-04,91637230
63447577,Kyle,Dickerson,"89873 Felicia Trafficway-Port Patrickside-CO 32785",1997-09-11,36733945
82020349,Walter,Rodriguez,"53305 Scott Lock Suite 045-Lake Kimberlyport-NV 20920",2016-05-10,30803542
59275458,Cameron,Perry,"13220 Matthew Viaduct Apt. 928-West Megantown-HI 24656",1986-12-05,65250789
60011727,Ashley,Campbell,"337 Lisa Fork-North Jessicamouth-MN 15547",1974-06-18,87637885
79480095,Jose,Hernandez,"853 Emily Villages Suite 579-Morrisonfort-OH 63796",2001-02-13,40061558
74391392,Riley,Turner,"276 Scott Roads Suite 084-Mcculloughhaven-MN 38361",1983-09-02,35849353
96800691,Rodney,Anderson,"3246 Stacy Run Apt. 966-South John-VA 68445",2020-06-27,30606081
67262620,Lauren,Thomas,Unit 6600 Box 8832-DPO AA 25156,1971-03-18,49149648
65640729,Greg,Phillips,"57843 Mathis Harbor Suite 092-Brettton-CO 52061",1989-09-07,87900785
38519420,Jessica,Ochoa,"500 Rebecca Shoals-Williamsmouth-NE 50666",1985-06-03,87496311
34686272,Jonathan,Watts,"728 Patton Drives-New Terri-AK 82275",2018-08-11,81131937
58060552,Christopher,Wood,"55513 Harrison Centers Suite 588-Sheilaborough-IL 79432",1972-04-03,66664551
68442179,Katie,Cooley,"797 Diane Wall-Port Annahaven-KY 02393",1973-03-11,70615923
79881627,Albert,Frederick,"20144 Kristin Tunnel Suite 169-West Markburgh-CT 83789",1993-03-21,97688719
13577355,Mary,Pierce,"687 Andrew Rapids-Mcconnelltown-CA 30116",2002-06-01,40193136
13859600,Ryan,Fischer,"7100 Alex Ridges-New Geoffreyberg-CT 42811",2010-06-22,76592148
84861733,Tracy,Atkins,"PSC 3992-Box 9658-APO AA 52107",1980-04-25,64535784
35294023,Sarah,Vasquez,"9643 Stone Center Suite 684-East Scott-RI 81330",1981-06-12,42566120
70086703,Monica,Jackson,"9704 David Coves-East Melissatown-FL 69448",2020-10-25,21148678
67184922,Ann,Hernandez,"4573 Alexander Mills Apt. 837-Leahborough-VT 86003",1985-11-28,92603773
99851551,Michael,Reyes,"7433 Brown Divide Suite 812-Hopkinsland-VA 39106",2020-07-16,74263262
14408280,Barry,Robinson,"637 Meyer Valley-East Amanda-MO 55214",1971-03-31,21399884
50343419,Brandi,Mitchell,"9962 Daugherty Field-East Valerieton-SC 45510",1974-09-28,79354380
46624166,Victoria,Franklin,"95020 Cody Cove-Stephenside-IL 34138",1993-10-30,36179876
15419071,Jenna,Moran,"0824 Fowler Mews Suite 131-Lake Melissa-SC 47050",1992-10-27,25594270
16389037,Ashley,Gould,"6531 Garcia Bridge Suite 668-North Nataliechester-AL 39134",2001-10-19,51115572
45743638,Olivia,Robbins,"4164 David Plaza Apt. 561-Collinsport-IL 44901",1985-05-05,70621170
35971013,Sarah,Oneal,"596 Morris Plain-Port Robert-VT 48603",2012-05-23,10002383
48607671,Sarah,Smith,"PSC 6716-Box 5682-APO AP 72785",2006-09-25,28004071
56041961,Carrie,Rivera,"410 Simmons Brook Apt. 788-North Kaitlyntown-MN 74102",1977-12-27,33401129
10526025,Shaun,Rich,"3927 Perez Plains-Hooverstad-OR 61876",1974-06-27,83526296
17098181,Sharon,Obrien,"520 Gary Hill Suite 338-Lake Johnborough-WA 07386",1973-08-24,79640709
25495486,Leonard,Brown,"0876 Michele Expressway Apt. 931-Calebberg-NY 51154",2009-10-05,71599829
29027117,Sherry,Lucero,"6176 Brian Lake-Rachelmouth-OR 94681",1970-03-30,19627725
68981884,Kevin,Perez,"0565 Marshall Shores Apt. 831-Morganton-LA 32376",1994-09-07,41387324
63589084,Laura,Smith,"0714 Thomas Radial-Davidfurt-CA 68181",1981-10-21,81810436
87057289,Thomas,Mitchell,"PSC 0189-Box 6491-APO AA 33928",1998-11-07,48162226
50375309,Meagan,Nelson,"23997 Walter Coves Suite 547-North Anthonyville-MO 42549",1986-06-18,49468591
